Road,Vehicle,Time
Road 1,Vehicle 102,0.48
Road 1,Vehicle 203,0.1
Road 2,Vehicle 799,0.6
Road 3,Vehicle 1636,0.39
Road 3,Vehicle 1515,0.39
Road 3,Vehicle 1366,0.48
Road 2,Vehicle 793,0.05
Road 1,Vehicle 114,0.18
Road 1,Vehicle 462,0.22
Road 2,Vehicle 1002,0.08
Road 1,Vehicle 117,0.44
Road 2,Vehicle 550,0.54
Road 3,Vehicle 1758,0.31
Road 1,Vehicle 71,0.18
Road 2,Vehicle 1086,0.57
Road 2,Vehicle 496,0.59
Road 2,Vehicle 647,0.05
Road 2,Vehicle 724,0.54
Road 3,Vehicle 1664,0.26
Road 2,Vehicle 994,0.51
Road 1,Vehicle 3,0.29
Road 1,Vehicle 59,0.08
Road 2,Vehicle 653,0.19
Road 3,Vehicle 1326,0.07
Road 1,Vehicle 365,0.01
Road 3,Vehicle 1445,0.04
Road 1,Vehicle 85,0.28
Road 2,Vehicle 719,0.52
Road 3,Vehicle 1249,0.46
Road 3,Vehicle 1536,0.16
Road 3,Vehicle 1625,0.08
Road 3,Vehicle 1785,0.46
Road 3,Vehicle 1589,0.08
Road 3,Vehicle 1709,0.57
Road 2,Vehicle 974,0.53
Road 2,Vehicle 963,0.57
Road 3,Vehicle 1540,0.35
Road 2,Vehicle 1005,0.24
Road 1,Vehicle 361,0.3
Road 3,Vehicle 1751,0.5
Road 2,Vehicle 498,0.2
Road 3,Vehicle 1273,0.45
Road 2,Vehicle 952,0.1
Road 2,Vehicle 756,0.12
Road 3,Vehicle 1683,0.52
Road 3,Vehicle 1277,0.18
Road 1,Vehicle 441,0.39
Road 2,Vehicle 769,0.12
Road 1,Vehicle 322,0.3
Road 2,Vehicle 534,0.1
Road 3,Vehicle 1749,0.25
Road 1,Vehicle 97,0.17
Road 1,Vehicle 246,0.45
Road 3,Vehicle 1209,0.3
Road 3,Vehicle 1568,0.31
Road 3,Vehicle 1210,0.23
Road 3,Vehicle 1390,0.59
Road 3,Vehicle 1546,0.55
Road 2,Vehicle 679,0.26
Road 3,Vehicle 1796,0.21
Road 1,Vehicle 1,0.52
Road 3,Vehicle 1142,0.26
Road 3,Vehicle 1530,0.57
Road 3,Vehicle 1645,0.3
Road 3,Vehicle 1551,0.18
Road 2,Vehicle 736,0.39
Road 3,Vehicle 1665,0.13
Road 3,Vehicle 1290,0.14
Road 2,Vehicle 522,0.1
Road 1,Vehicle 70,0.48
Road 1,Vehicle 366,0.26
Road 2,Vehicle 881,0.5
Road 3,Vehicle 1186,0.22
Road 3,Vehicle 1808,0.53
Road 2,Vehicle 864,0.04
Road 3,Vehicle 1143,0.45
Road 3,Vehicle 1452,0.04
Road 2,Vehicle 765,0.44
Road 3,Vehicle 1240,0.58
Road 1,Vehicle 195,0.05
Road 3,Vehicle 1545,0.27
Road 2,Vehicle 621,0.01
Road 1,Vehicle 263,0.12
Road 3,Vehicle 1300,0.17
Road 1,Vehicle 228,0.28
Road 2,Vehicle 599,0.25
Road 2,Vehicle 650,0.49
Road 1,Vehicle 122,0.51
Road 2,Vehicle 627,0.16
Road 1,Vehicle 32,0.04
Road 2,Vehicle 521,0.39
Road 2,Vehicle 884,0.24
Road 2,Vehicle 503,0.04
Road 1,Vehicle 91,0.38
Road 3,Vehicle 1573,0.39
Road 2,Vehicle 714,0.52
Road 1,Vehicle 352,0.49
Road 1,Vehicle 453,0.05
Road 3,Vehicle 1786,0.11
Road 1,Vehicle 331,0.32
Road 2,Vehicle 1019,0.12
Road 3,Vehicle 1655,0.48
Road 1,Vehicle 215,0.13
Road 1,Vehicle 398,0.28
Road 2,Vehicle 556,0.38
Road 3,Vehicle 1784,0.17
Road 2,Vehicle 1081,0.37
Road 2,Vehicle 772,0.17
Road 1,Vehicle 113,0.04
Road 3,Vehicle 1339,0.4
Road 3,Vehicle 1793,0.48
Road 2,Vehicle 751,0.27
Road 1,Vehicle 448,0.15
Road 2,Vehicle 572,0.1
Road 3,Vehicle 1742,0.03
Road 3,Vehicle 1304,0.14
Road 3,Vehicle 1754,0.2
Road 2,Vehicle 861,0.28
Road 2,Vehicle 691,0.55
Road 3,Vehicle 1674,0.53
Road 3,Vehicle 1658,0.35
Road 2,Vehicle 727,0.04
Road 2,Vehicle 851,0.2
Road 1,Vehicle 171,0.26
Road 2,Vehicle 582,0.44
Road 1,Vehicle 38,0.1
Road 3,Vehicle 1679,0.07
Road 3,Vehicle 1462,0.41
Road 2,Vehicle 563,0.55
Road 2,Vehicle 617,0.11
Road 3,Vehicle 1694,0.45
Road 3,Vehicle 1270,0.18
Road 1,Vehicle 298,0.08
Road 3,Vehicle 1278,0.08
Road 1,Vehicle 44,0.6
Road 1,Vehicle 20,0.38
Road 2,Vehicle 585,0.5
Road 2,Vehicle 891,0.45
Road 2,Vehicle 570,0.28
Road 3,Vehicle 1412,0.4
Road 3,Vehicle 1714,0.42
Road 3,Vehicle 1558,0.14
Road 1,Vehicle 386,0.34
Road 1,Vehicle 382,0.05
Road 2,Vehicle 631,0.55
Road 3,Vehicle 1615,0.04
Road 3,Vehicle 1708,0.39
Road 2,Vehicle 1095,0.44
Road 3,Vehicle 1575,0.44
Road 3,Vehicle 1295,0.14
Road 3,Vehicle 1197,0.27
Road 1,Vehicle 258,0.56
Road 3,Vehicle 1126,0.46
Road 1,Vehicle 86,0.44
Road 3,Vehicle 1465,0.19
Road 3,Vehicle 1130,0.25
Road 2,Vehicle 1015,0.6
Road 2,Vehicle 787,0.42
Road 2,Vehicle 760,0.18
Road 3,Vehicle 1662,0.19
Road 1,Vehicle 29,0.43
Road 2,Vehicle 1040,0.06
Road 3,Vehicle 1819,0.37
Road 3,Vehicle 1271,0.54
Road 2,Vehicle 557,0.41
Road 1,Vehicle 132,0.03
Road 2,Vehicle 888,0.05
Road 1,Vehicle 9,0.51
Road 1,Vehicle 127,0.09
Road 3,Vehicle 1382,0.57
Road 2,Vehicle 972,0.53
Road 3,Vehicle 1464,0.54
Road 1,Vehicle 224,0.43
Road 2,Vehicle 671,0.25
Road 1,Vehicle 384,0.31
Road 2,Vehicle 711,0.22
Road 3,Vehicle 1116,0.57
Road 3,Vehicle 1442,0.29
Road 1,Vehicle 213,0.15
Road 3,Vehicle 1559,0.32
Road 3,Vehicle 1605,0.47
Road 1,Vehicle 470,0.41
Road 2,Vehicle 805,0.17
Road 3,Vehicle 1303,0.11
Road 2,Vehicle 646,0.35
Road 3,Vehicle 1723,0.55
Road 3,Vehicle 1157,0.4
Road 3,Vehicle 1411,0.2
Road 2,Vehicle 1048,0.11
Road 3,Vehicle 1554,0.03
Road 2,Vehicle 892,0.48
Road 1,Vehicle 300,0.06
Road 1,Vehicle 183,0.57
Road 2,Vehicle 788,0.07
Road 2,Vehicle 916,0.45
Road 3,Vehicle 1381,0.17
Road 2,Vehicle 834,0.06
Road 3,Vehicle 1637,0.34
Road 1,Vehicle 172,0.4
Road 2,Vehicle 1044,0.59
Road 1,Vehicle 199,0.25
Road 2,Vehicle 1031,0.13
Road 3,Vehicle 1550,0.11
Road 1,Vehicle 17,0.42
Road 3,Vehicle 1794,0.29
Road 2,Vehicle 752,0.21
Road 1,Vehicle 205,0.35
Road 2,Vehicle 538,0.35
Road 3,Vehicle 1816,0.36
Road 3,Vehicle 1482,0.44
Road 2,Vehicle 965,0.45
Road 1,Vehicle 235,0.53
Road 3,Vehicle 1235,0.06
Road 2,Vehicle 543,0.48
Road 3,Vehicle 1217,0.1
Road 1,Vehicle 357,0.32
Road 1,Vehicle 176,0.22
Road 3,Vehicle 1351,0.17
Road 2,Vehicle 684,0.36
Road 3,Vehicle 1460,0.46
Road 3,Vehicle 1521,0.02
Road 2,Vehicle 666,0.3
Road 3,Vehicle 1131,0.2
Road 1,Vehicle 244,0.06
Road 3,Vehicle 1254,0.37
Road 3,Vehicle 1744,0.12
Road 3,Vehicle 1745,0.5
Road 3,Vehicle 1511,0.43
Road 1,Vehicle 153,0.05
Road 2,Vehicle 992,0.33
Road 1,Vehicle 436,0.48
Road 3,Vehicle 1453,0.51
Road 3,Vehicle 1350,0.57
Road 3,Vehicle 1433,0.47
Road 1,Vehicle 126,0.48
Road 1,Vehicle 253,0.39
Road 3,Vehicle 1424,0.31
Road 1,Vehicle 103,0.49
Road 3,Vehicle 1238,0.42
Road 1,Vehicle 196,0.49
Road 2,Vehicle 867,0.36
Road 3,Vehicle 1123,0.32
Road 3,Vehicle 1416,0.37
Road 3,Vehicle 1206,0.41
Road 3,Vehicle 1707,0.27
Road 1,Vehicle 482,0.11
Road 2,Vehicle 813,0.38
Road 3,Vehicle 1688,0.15
Road 1,Vehicle 304,0.26
Road 1,Vehicle 458,0.29
Road 3,Vehicle 1312,0.38
Road 1,Vehicle 335,0.57
Road 1,Vehicle 430,0.16
Road 1,Vehicle 61,0.05
Road 2,Vehicle 975,0.41
Road 2,Vehicle 857,0.34
Road 2,Vehicle 912,0.25
Road 3,Vehicle 1654,0.02
Road 2,Vehicle 664,0.44
Road 3,Vehicle 1691,0.52
Road 2,Vehicle 886,0.48
Road 2,Vehicle 964,0.13
Road 3,Vehicle 1153,0.32
Road 3,Vehicle 1431,0.11
Road 3,Vehicle 1525,0.5
Road 1,Vehicle 281,0.35
Road 1,Vehicle 10,0.21
Road 2,Vehicle 722,0.06
Road 3,Vehicle 1491,0.15
Road 2,Vehicle 628,0.43
Road 3,Vehicle 1110,0.02
Road 2,Vehicle 518,0.54
Road 1,Vehicle 358,0.02
Road 2,Vehicle 541,0.07
Road 2,Vehicle 923,0.11
Road 2,Vehicle 644,0.06
Road 2,Vehicle 1021,0.23
Road 3,Vehicle 1149,0.17
Road 3,Vehicle 1245,0.4
Road 1,Vehicle 492,0.14
Road 1,Vehicle 260,0.32
Road 3,Vehicle 1420,0.09
Road 3,Vehicle 1582,0.47
Road 3,Vehicle 1305,0.36
Road 2,Vehicle 655,0.18
Road 3,Vehicle 1297,0.2
Road 1,Vehicle 27,0.08
Road 2,Vehicle 507,0.29
Road 3,Vehicle 1472,0.16
Road 3,Vehicle 1309,0.22
Road 2,Vehicle 1104,0.19
Road 1,Vehicle 185,0.54
Road 3,Vehicle 1508,0.13
Road 3,Vehicle 1520,0.31
Road 1,Vehicle 464,0.02
Road 3,Vehicle 1818,0.37
Road 3,Vehicle 1468,0.16
Road 2,Vehicle 944,0.43
Road 2,Vehicle 1091,0.29
Road 3,Vehicle 1367,0.16
Road 2,Vehicle 818,0.06
Road 1,Vehicle 356,0.5
Road 3,Vehicle 1668,0.02
Road 1,Vehicle 404,0.58
Road 1,Vehicle 151,0.42
Road 1,Vehicle 405,0.06
Road 1,Vehicle 415,0.49
Road 2,Vehicle 531,0.17
Road 3,Vehicle 1627,0.06
Road 2,Vehicle 949,0.39
Road 1,Vehicle 207,0.09
Road 3,Vehicle 1552,0.19
Road 1,Vehicle 282,0.2
Road 1,Vehicle 330,0.25
Road 1,Vehicle 234,0.49
Road 2,Vehicle 845,0.39
Road 2,Vehicle 713,0.29
Road 1,Vehicle 402,0.54
Road 1,Vehicle 167,0.16
Road 1,Vehicle 374,0.13
Road 2,Vehicle 1035,0.46
Road 3,Vehicle 1456,0.23
Road 2,Vehicle 1079,0.06
Road 3,Vehicle 1223,0.34
Road 1,Vehicle 269,0.12
Road 1,Vehicle 351,0.44
Road 3,Vehicle 1158,0.52
Road 2,Vehicle 514,0.47
Road 2,Vehicle 739,0.08
Road 3,Vehicle 1765,0.52
Road 1,Vehicle 62,0.38
Road 2,Vehicle 920,0.35
Road 2,Vehicle 1080,0.14
Road 1,Vehicle 247,0.46
Road 1,Vehicle 418,0.54
Road 3,Vehicle 1204,0.5
Road 3,Vehicle 1252,0.19
Road 3,Vehicle 1578,0.2
Road 1,Vehicle 267,0.58
Road 1,Vehicle 25,0.6
Road 1,Vehicle 373,0.18
Road 2,Vehicle 890,0.19
Road 2,Vehicle 935,0.31
Road 3,Vehicle 1310,0.12
Road 1,Vehicle 379,0.41
Road 2,Vehicle 676,0.25
Road 2,Vehicle 677,0.05
Road 2,Vehicle 506,0.2
Road 3,Vehicle 1241,0.21
Road 2,Vehicle 608,0.27
Road 3,Vehicle 1405,0.36
Road 2,Vehicle 1074,0.46
Road 3,Vehicle 1741,0.3
Road 1,Vehicle 328,0.27
Road 3,Vehicle 1107,0.11
Road 3,Vehicle 1174,0.42
Road 3,Vehicle 1434,0.59
Road 3,Vehicle 1738,0.31
Road 3,Vehicle 1308,0.02
Road 3,Vehicle 1348,0.2
Road 2,Vehicle 820,0.45
Road 2,Vehicle 670,0.2
Road 3,Vehicle 1798,0.47
Road 3,Vehicle 1610,0.27
Road 2,Vehicle 761,0.21
Road 2,Vehicle 816,0.15
Road 2,Vehicle 1009,0.51
Road 3,Vehicle 1812,0.51
Road 3,Vehicle 1108,0.47
Road 1,Vehicle 353,0.31
Road 3,Vehicle 1199,0.05
Road 3,Vehicle 1221,0.09
Road 1,Vehicle 425,0.58
Road 3,Vehicle 1237,0.25
Road 3,Vehicle 1653,0.14
Road 3,Vehicle 1789,0.14
Road 1,Vehicle 338,0.2
Road 2,Vehicle 1004,0.2
Road 3,Vehicle 1500,0.14
Road 2,Vehicle 532,0.31
Road 3,Vehicle 1259,0.34
Road 1,Vehicle 261,0.07
Road 2,Vehicle 1089,0.15
Road 3,Vehicle 1333,0.19
Road 3,Vehicle 1335,0.2
Road 2,Vehicle 694,0.22
Road 1,Vehicle 227,0.39
Road 3,Vehicle 1384,0.08
Road 3,Vehicle 1481,0.44
Road 3,Vehicle 1502,0.02
Road 1,Vehicle 264,0.18
Road 2,Vehicle 1001,0.41
Road 3,Vehicle 1111,0.08
Road 3,Vehicle 1407,0.51
Road 3,Vehicle 1750,0.33
Road 1,Vehicle 463,0.13
Road 3,Vehicle 1128,0.6
Road 1,Vehicle 43,0.07
Road 3,Vehicle 1517,0.57
Road 1,Vehicle 254,0.46
Road 2,Vehicle 1047,0.2
Road 2,Vehicle 701,0.31
Road 2,Vehicle 940,0.01
Road 3,Vehicle 1731,0.12
Road 2,Vehicle 1062,0.15
Road 1,Vehicle 414,0.16
Road 2,Vehicle 876,0.59
Road 3,Vehicle 1648,0.27
Road 1,Vehicle 198,0.47
Road 3,Vehicle 1322,0.37
Road 3,Vehicle 1317,0.48
Road 2,Vehicle 693,0.26
Road 2,Vehicle 836,0.53
Road 1,Vehicle 466,0.05
Road 2,Vehicle 855,0.33
Road 3,Vehicle 1150,0.43
Road 3,Vehicle 1514,0.36
Road 3,Vehicle 1218,0.17
Road 3,Vehicle 1531,0.3
Road 1,Vehicle 389,0.33
Road 1,Vehicle 468,0.2
Road 3,Vehicle 1229,0.5
Road 2,Vehicle 583,0.24
Road 3,Vehicle 1495,0.53
Road 3,Vehicle 1135,0.34
Road 3,Vehicle 1319,0.04
Road 2,Vehicle 946,0.14
Road 3,Vehicle 1136,0.49
Road 3,Vehicle 1631,0.1
Road 2,Vehicle 667,0.55
Road 1,Vehicle 51,0.54
Road 1,Vehicle 193,0.01
Road 1,Vehicle 484,0.02
Road 2,Vehicle 981,0.06
Road 3,Vehicle 1375,0.5
Road 3,Vehicle 1699,0.4
Road 2,Vehicle 743,0.34
Road 3,Vehicle 1692,0.33
Road 3,Vehicle 1763,0.59
Road 2,Vehicle 1033,0.59
Road 3,Vehicle 1289,0.42
Road 2,Vehicle 729,0.42
Road 1,Vehicle 472,0.13
Road 2,Vehicle 879,0.49
Road 2,Vehicle 928,0.23
Road 2,Vehicle 969,0.17
Road 3,Vehicle 1318,0.36
Road 3,Vehicle 1556,0.2
Road 2,Vehicle 822,0.22
Road 2,Vehicle 985,0.6
Road 3,Vehicle 1621,0.38
Road 1,Vehicle 343,0.08
Road 3,Vehicle 1394,0.08
Road 3,Vehicle 1145,0.31
Road 3,Vehicle 1800,0.38
Road 2,Vehicle 778,0.12
Road 2,Vehicle 997,0.4
Road 2,Vehicle 948,0.27
Road 1,Vehicle 449,0.36
Road 3,Vehicle 1704,0.3
Road 2,Vehicle 873,0.26
Road 1,Vehicle 208,0.3
Road 2,Vehicle 755,0.6
Road 3,Vehicle 1324,0.04
Road 1,Vehicle 64,0.21
Road 3,Vehicle 1506,0.07
Road 2,Vehicle 1020,0.24
Road 1,Vehicle 276,0.55
Road 2,Vehicle 625,0.56
Road 2,Vehicle 898,0.24
Road 3,Vehicle 1469,0.07
Road 2,Vehicle 909,0.2
Road 2,Vehicle 902,0.22
Road 3,Vehicle 1121,0.16
Road 3,Vehicle 1769,0.47
Road 2,Vehicle 562,0.35
Road 2,Vehicle 943,0.18
Road 3,Vehicle 1740,0.56
Road 2,Vehicle 856,0.19
Road 1,Vehicle 360,0.07
Road 1,Vehicle 377,0.06
Road 3,Vehicle 1803,0.05
Road 3,Vehicle 1773,0.1
Road 1,Vehicle 469,0.27
Road 2,Vehicle 517,0.07
Road 2,Vehicle 705,0.04
Road 3,Vehicle 1702,0.24
Road 3,Vehicle 1673,0.07
Road 2,Vehicle 1082,0.45
Road 2,Vehicle 801,0.14
Road 3,Vehicle 1541,0.04
Road 3,Vehicle 1760,0.54
Road 2,Vehicle 1078,0.56
Road 2,Vehicle 1103,0.04
Road 1,Vehicle 291,0.47
Road 1,Vehicle 429,0.08
Road 1,Vehicle 257,0.33
Road 2,Vehicle 564,0.11
Road 1,Vehicle 314,0.27
Road 1,Vehicle 443,0.13
Road 1,Vehicle 309,0.08
Road 2,Vehicle 847,0.45
Road 3,Vehicle 1659,0.05
Road 3,Vehicle 1400,0.56
Road 1,Vehicle 53,0.25
Road 2,Vehicle 1053,0.28
Road 3,Vehicle 1686,0.49
Road 1,Vehicle 319,0.31
Road 3,Vehicle 1184,0.05
Road 2,Vehicle 639,0.35
Road 3,Vehicle 1458,0.24
Road 3,Vehicle 1670,0.33
Road 3,Vehicle 1781,0.01
Road 2,Vehicle 915,0.51
Road 2,Vehicle 575,0.26
Road 2,Vehicle 883,0.52
Road 3,Vehicle 1577,0.6
Road 1,Vehicle 49,0.28
Road 2,Vehicle 618,0.56
Road 2,Vehicle 968,0.43
Road 2,Vehicle 1050,0.55
Road 3,Vehicle 1588,0.53
Road 2,Vehicle 615,0.44
Road 3,Vehicle 1715,0.45
Road 3,Vehicle 1538,0.12
Road 3,Vehicle 1666,0.56
Road 1,Vehicle 119,0.55
Road 1,Vehicle 204,0.54
Road 1,Vehicle 99,0.03
Road 2,Vehicle 913,0.09
Road 2,Vehicle 565,0.12
Road 2,Vehicle 1012,0.57
Road 1,Vehicle 135,0.6
Road 2,Vehicle 870,0.15
Road 2,Vehicle 668,0.01
Road 1,Vehicle 420,0.53
Road 3,Vehicle 1159,0.33
Road 3,Vehicle 1227,0.24
Road 3,Vehicle 1700,0.35
Road 1,Vehicle 334,0.54
Road 3,Vehicle 1797,0.58
Road 2,Vehicle 1014,0.33
Road 3,Vehicle 1261,0.19
Road 3,Vehicle 1201,0.27
Road 3,Vehicle 1342,0.5
Road 3,Vehicle 1783,0.37
Road 3,Vehicle 1117,0.04
Road 3,Vehicle 1338,0.6
Road 1,Vehicle 286,0.21
Road 2,Vehicle 803,0.59
Road 1,Vehicle 339,0.4
Road 2,Vehicle 1085,0.09
Road 1,Vehicle 81,0.35
Road 1,Vehicle 211,0.6
Road 1,Vehicle 109,0.14
Road 3,Vehicle 1109,0.32
Road 2,Vehicle 961,0.5
Road 1,Vehicle 452,0.3
Road 1,Vehicle 486,0.11
Road 3,Vehicle 1516,0.17
Road 2,Vehicle 737,0.22
Road 2,Vehicle 763,0.46
Road 3,Vehicle 1280,0.5
Road 3,Vehicle 1695,0.32
Road 1,Vehicle 381,0.52
Road 2,Vehicle 526,0.32
Road 2,Vehicle 1059,0.01
Road 1,Vehicle 306,0.15
Road 2,Vehicle 1038,0.04
Road 3,Vehicle 1341,0.17
Road 2,Vehicle 1000,0.3
Road 1,Vehicle 489,0.15
Road 1,Vehicle 162,0.26
Road 1,Vehicle 385,0.44
Road 3,Vehicle 1734,0.59
Road 3,Vehicle 1364,0.08
Road 1,Vehicle 461,0.13
Road 2,Vehicle 800,0.31
Road 3,Vehicle 1616,0.06
Road 3,Vehicle 1328,0.19
Road 3,Vehicle 1555,0.21
Road 3,Vehicle 1581,0.26
Road 1,Vehicle 90,0.41
Road 2,Vehicle 558,0.08
Road 1,Vehicle 63,0.15
Road 1,Vehicle 390,0.46
Road 3,Vehicle 1440,0.13
Road 2,Vehicle 757,0.01
Road 3,Vehicle 1435,0.03
Road 3,Vehicle 1548,0.11
Road 1,Vehicle 316,0.44
Road 2,Vehicle 597,0.15
Road 1,Vehicle 340,0.4
Road 3,Vehicle 1292,0.24
Road 3,Vehicle 1198,0.52
Road 2,Vehicle 906,0.14
Road 1,Vehicle 96,0.43
Road 1,Vehicle 104,0.54
Road 2,Vehicle 598,0.21
Road 2,Vehicle 587,0.26
Road 2,Vehicle 721,0.44
Road 2,Vehicle 1003,0.02
Road 3,Vehicle 1343,0.29
Road 1,Vehicle 168,0.25
Road 2,Vehicle 595,0.43
Road 1,Vehicle 367,0.07
Road 3,Vehicle 1380,0.39
Road 3,Vehicle 1406,0.52
Road 2,Vehicle 770,0.47
Road 2,Vehicle 702,0.57
Road 1,Vehicle 74,0.03
Road 2,Vehicle 692,0.46
Road 2,Vehicle 709,0.05
Road 2,Vehicle 710,0.24
Road 2,Vehicle 777,0.3
Road 2,Vehicle 979,0.26
Road 1,Vehicle 438,0.05
Road 3,Vehicle 1451,0.28
Road 2,Vehicle 742,0.49
Road 1,Vehicle 243,0.54
Road 1,Vehicle 467,0.52
Road 2,Vehicle 917,0.32
Road 2,Vehicle 630,0.09
Road 1,Vehicle 84,0.34
Road 1,Vehicle 303,0.45
Road 2,Vehicle 686,0.39
Road 3,Vehicle 1657,0.51
Road 2,Vehicle 784,0.51
Road 2,Vehicle 1023,0.41
Road 1,Vehicle 80,0.56
Road 1,Vehicle 120,0.39
Road 2,Vehicle 1041,0.37
Road 3,Vehicle 1345,0.01
Road 3,Vehicle 1352,0.1
Road 3,Vehicle 1593,0.26
Road 3,Vehicle 1787,0.22
Road 3,Vehicle 1250,0.59
Road 2,Vehicle 1006,0.1
Road 2,Vehicle 790,0.12
Road 3,Vehicle 1294,0.18
Road 2,Vehicle 708,0.06
Road 3,Vehicle 1701,0.24
Road 2,Vehicle 688,0.53
Road 3,Vehicle 1641,0.15
Road 2,Vehicle 641,0.02
Road 3,Vehicle 1106,0.6
Road 2,Vehicle 731,0.57
Road 2,Vehicle 835,0.58
Road 1,Vehicle 76,0.14
Road 3,Vehicle 1208,0.27
Road 1,Vehicle 217,0.26
Road 2,Vehicle 502,0.12
Road 1,Vehicle 115,0.59
Road 3,Vehicle 1266,0.19
Road 1,Vehicle 159,0.56
Road 1,Vehicle 92,0.17
Road 3,Vehicle 1634,0.36
Road 3,Vehicle 1720,0.02
Road 1,Vehicle 477,0.19
Road 1,Vehicle 149,0.31
Road 1,Vehicle 301,0.07
Road 3,Vehicle 1822,0.25
Road 2,Vehicle 661,0.09
Road 3,Vehicle 1493,0.28
Road 3,Vehicle 1165,0.43
Road 3,Vehicle 1770,0.13
Road 1,Vehicle 145,0.39
Road 1,Vehicle 355,0.58
Road 2,Vehicle 821,0.21
Road 1,Vehicle 317,0.15
Road 2,Vehicle 689,0.4
Road 3,Vehicle 1413,0.43
Road 3,Vehicle 1543,0.07
Road 3,Vehicle 1396,0.49
Road 3,Vehicle 1504,0.03
Road 2,Vehicle 966,0.48
Road 3,Vehicle 1286,0.23
Road 1,Vehicle 442,0.47
Road 3,Vehicle 1156,0.23
Road 3,Vehicle 1524,0.32
Road 3,Vehicle 1549,0.49
Road 2,Vehicle 600,0.54
Road 2,Vehicle 988,0.49
Road 1,Vehicle 67,0.53
Road 3,Vehicle 1553,0.39
Road 1,Vehicle 41,0.49
Road 3,Vehicle 1144,0.41
Road 2,Vehicle 980,0.56
Road 1,Vehicle 19,0.34
Road 3,Vehicle 1331,0.12
Road 3,Vehicle 1398,0.59
Road 1,Vehicle 451,0.22
Road 3,Vehicle 1344,0.04
Road 1,Vehicle 411,0.49
Road 2,Vehicle 542,0.21
Road 1,Vehicle 78,0.12
Road 2,Vehicle 720,0.34
Road 3,Vehicle 1200,0.18
Road 3,Vehicle 1594,0.19
Road 1,Vehicle 75,0.2
Road 1,Vehicle 225,0.54
Road 3,Vehicle 1706,0.2
Road 3,Vehicle 1211,0.13
Road 2,Vehicle 744,0.37
Road 1,Vehicle 251,0.51
Road 2,Vehicle 869,0.25
Road 2,Vehicle 672,0.22
Road 3,Vehicle 1712,0.46
Road 1,Vehicle 108,0.31
Road 3,Vehicle 1119,0.29
Road 1,Vehicle 173,0.5
Road 2,Vehicle 1100,0.17
Road 3,Vehicle 1565,0.31
Road 3,Vehicle 1592,0.43
Road 3,Vehicle 1176,0.57
Road 1,Vehicle 417,0.2
Road 3,Vehicle 1821,0.59
Road 1,Vehicle 345,0.15
Road 2,Vehicle 809,0.56
Road 3,Vehicle 1598,0.53
Road 3,Vehicle 1362,0.05
Road 2,Vehicle 649,0.43
Road 2,Vehicle 768,0.15
Road 3,Vehicle 1129,0.49
Road 3,Vehicle 1281,0.31
Road 1,Vehicle 24,0.02
Road 3,Vehicle 1260,0.54
Road 3,Vehicle 1327,0.08
Road 3,Vehicle 1737,0.01
Road 2,Vehicle 1025,0.07
Road 1,Vehicle 201,0.42
Road 2,Vehicle 547,0.34
Road 2,Vehicle 590,0.4
Road 2,Vehicle 687,0.33
Road 1,Vehicle 380,0.39
Road 3,Vehicle 1214,0.51
Road 1,Vehicle 305,0.42
Road 2,Vehicle 779,0.58
Road 2,Vehicle 860,0.15
Road 2,Vehicle 947,0.53
Road 2,Vehicle 960,0.39
Road 1,Vehicle 206,0.47
Road 2,Vehicle 1010,0.37
Road 3,Vehicle 1132,0.12
Road 3,Vehicle 1698,0.36
Road 2,Vehicle 929,0.17
Road 3,Vehicle 1190,0.12
Road 3,Vehicle 1399,0.45
Road 1,Vehicle 270,0.48
Road 3,Vehicle 1681,0.41
Road 1,Vehicle 320,0.54
Road 1,Vehicle 481,0.02
Road 3,Vehicle 1349,0.4
Road 3,Vehicle 1314,0.32
Road 2,Vehicle 1043,0.53
Road 3,Vehicle 1284,0.21
Road 3,Vehicle 1537,0.34
Road 2,Vehicle 601,0.04
Road 3,Vehicle 1151,0.15
Road 1,Vehicle 368,0.02
Road 2,Vehicle 812,0.16
Road 1,Vehicle 197,0.37
Road 3,Vehicle 1148,0.38
Road 3,Vehicle 1163,0.48
Road 3,Vehicle 1358,0.5
Road 1,Vehicle 426,0.22
Road 1,Vehicle 116,0.6
Road 3,Vehicle 1315,0.5
Road 1,Vehicle 400,0.02
Road 2,Vehicle 718,0.4
Road 1,Vehicle 427,0.11
Road 1,Vehicle 460,0.36
Road 3,Vehicle 1669,0.38
Road 1,Vehicle 200,0.28
Road 3,Vehicle 1713,0.4
Road 3,Vehicle 1320,0.35
Road 1,Vehicle 325,0.1
Road 1,Vehicle 296,0.57
Road 2,Vehicle 1049,0.25
Road 1,Vehicle 416,0.08
Road 1,Vehicle 94,0.08
Road 2,Vehicle 741,0.45
Road 1,Vehicle 188,0.07
Road 3,Vehicle 1430,0.59
Road 2,Vehicle 927,0.33
Road 3,Vehicle 1547,0.53
Road 1,Vehicle 15,0.11
Road 3,Vehicle 1677,0.1
Road 3,Vehicle 1791,0.11
Road 1,Vehicle 327,0.06
Road 2,Vehicle 984,0.07
Road 1,Vehicle 440,0.29
Road 1,Vehicle 326,0.07
Road 1,Vehicle 277,0.32
Road 3,Vehicle 1189,0.08
Road 3,Vehicle 1147,0.41
Road 3,Vehicle 1727,0.03
Road 3,Vehicle 1743,0.59
Road 1,Vehicle 302,0.24
Road 1,Vehicle 190,0.05
Road 1,Vehicle 347,0.27
Road 3,Vehicle 1347,0.4
Road 2,Vehicle 858,0.23
Road 3,Vehicle 1693,0.03
Road 1,Vehicle 36,0.06
Road 2,Vehicle 792,0.06
Road 3,Vehicle 1503,0.28
Road 2,Vehicle 828,0.21
Road 1,Vehicle 22,0.4
Road 1,Vehicle 313,0.15
Road 1,Vehicle 333,0.06
Road 1,Vehicle 487,0.11
Road 2,Vehicle 1102,0.46
Road 1,Vehicle 344,0.16
Road 3,Vehicle 1167,0.18
Road 2,Vehicle 535,0.28
Road 2,Vehicle 773,0.48
Road 2,Vehicle 579,0.21
Road 2,Vehicle 674,0.04
Road 3,Vehicle 1739,0.29
Road 1,Vehicle 26,0.03
Road 3,Vehicle 1432,0.07
Road 2,Vehicle 932,0.23
Road 1,Vehicle 46,0.44
Road 2,Vehicle 1026,0.23
Road 3,Vehicle 1353,0.56
Road 3,Vehicle 1606,0.09
Road 1,Vehicle 223,0.59
Road 2,Vehicle 896,0.01
Road 1,Vehicle 73,0.05
Road 2,Vehicle 528,0.57
Road 3,Vehicle 1703,0.38
Road 2,Vehicle 675,0.6
Road 3,Vehicle 1473,0.6
Road 2,Vehicle 605,0.46
Road 1,Vehicle 363,0.45
Road 3,Vehicle 1672,0.56
Road 2,Vehicle 568,0.49
Road 2,Vehicle 716,0.6
Road 2,Vehicle 953,0.6
Road 1,Vehicle 87,0.27
Road 1,Vehicle 318,0.57
Road 3,Vehicle 1478,0.5
Road 1,Vehicle 409,0.25
Road 1,Vehicle 434,0.39
Road 3,Vehicle 1207,0.09
Road 3,Vehicle 1255,0.18
Road 1,Vehicle 112,0.33
Road 2,Vehicle 1070,0.1
Road 3,Vehicle 1792,0.15
Road 3,Vehicle 1454,0.3
Road 2,Vehicle 546,0.1
Road 1,Vehicle 433,0.04
Road 2,Vehicle 827,0.13
Road 1,Vehicle 311,0.59
Road 3,Vehicle 1474,0.08
Road 3,Vehicle 1346,0.11
Road 3,Vehicle 1678,0.16
Road 2,Vehicle 559,0.44
Road 1,Vehicle 89,0.51
Road 1,Vehicle 278,0.31
Road 3,Vehicle 1282,0.41
Road 3,Vehicle 1422,0.36
Road 2,Vehicle 738,0.07
Road 3,Vehicle 1585,0.38
Road 2,Vehicle 594,0.47
Road 2,Vehicle 786,0.09
Road 3,Vehicle 1777,0.57
Road 3,Vehicle 1476,0.51
Road 2,Vehicle 1083,0.47
Road 3,Vehicle 1359,0.29
Road 1,Vehicle 216,0.06
Road 2,Vehicle 930,0.17
Road 1,Vehicle 100,0.11
Road 3,Vehicle 1761,0.3
Road 1,Vehicle 447,0.37
Road 3,Vehicle 1675,0.58
Road 1,Vehicle 147,0.13
Road 3,Vehicle 1410,0.56
Road 2,Vehicle 607,0.31
Road 3,Vehicle 1611,0.34
Road 3,Vehicle 1194,0.34
Road 1,Vehicle 121,0.38
Road 1,Vehicle 295,0.29
Road 3,Vehicle 1455,0.56
Road 1,Vehicle 399,0.15
Road 2,Vehicle 659,0.41
Road 1,Vehicle 56,0.47
Road 3,Vehicle 1258,0.53
Road 1,Vehicle 210,0.11
Road 3,Vehicle 1124,0.07
Road 1,Vehicle 143,0.28
Road 2,Vehicle 622,0.18
Road 1,Vehicle 392,0.47
Road 3,Vehicle 1736,0.25
Road 1,Vehicle 437,0.27
Road 1,Vehicle 403,0.18
Road 3,Vehicle 1483,0.38
Road 1,Vehicle 13,0.54
Road 3,Vehicle 1564,0.58
Road 1,Vehicle 324,0.5
Road 2,Vehicle 971,0.29
Road 1,Vehicle 50,0.06
Road 2,Vehicle 1069,0.52
Road 3,Vehicle 1576,0.14
Road 3,Vehicle 1619,0.34
Road 2,Vehicle 832,0.5
Road 1,Vehicle 233,0.32
Road 2,Vehicle 623,0.32
Road 2,Vehicle 730,0.29
Road 3,Vehicle 1267,0.25
Road 2,Vehicle 620,0.01
Road 1,Vehicle 332,0.34
Road 2,Vehicle 1017,0.38
Road 2,Vehicle 789,0.25
Road 2,Vehicle 852,0.36
Road 3,Vehicle 1356,0.52
Road 3,Vehicle 1624,0.22
Road 3,Vehicle 1766,0.01
Road 3,Vehicle 1419,0.46
Road 2,Vehicle 955,0.36
Road 3,Vehicle 1171,0.06
Road 3,Vehicle 1450,0.2
Road 3,Vehicle 1494,0.58
Road 1,Vehicle 421,0.5
Road 2,Vehicle 996,0.23
Road 2,Vehicle 678,0.29
Road 2,Vehicle 520,0.46
Road 3,Vehicle 1595,0.55
Road 3,Vehicle 1684,0.41
Road 1,Vehicle 275,0.04
Road 3,Vehicle 1202,0.47
Road 3,Vehicle 1264,0.5
Road 1,Vehicle 287,0.53
Road 1,Vehicle 423,0.06
Road 2,Vehicle 1077,0.1
Road 3,Vehicle 1733,0.32
Road 1,Vehicle 160,0.46
Road 2,Vehicle 951,0.16
Road 1,Vehicle 133,0.33
Road 3,Vehicle 1778,0.22
Road 3,Vehicle 1802,0.03
Road 2,Vehicle 839,0.27
Road 2,Vehicle 747,0.36
Road 3,Vehicle 1191,0.29
Road 2,Vehicle 1039,0.16
Road 3,Vehicle 1220,0.04
Road 2,Vehicle 895,0.06
Road 3,Vehicle 1823,0.02
Road 2,Vehicle 840,0.06
Road 2,Vehicle 1071,0.07
Road 1,Vehicle 478,0.53
Road 2,Vehicle 651,0.44
Road 3,Vehicle 1805,0.13
Road 1,Vehicle 252,0.05
Road 1,Vehicle 450,0.25
Road 2,Vehicle 643,0.57
Road 2,Vehicle 700,0.05
Road 1,Vehicle 21,0.48
Road 2,Vehicle 910,0.37
Road 2,Vehicle 987,0.36
Road 3,Vehicle 1369,0.46
Road 2,Vehicle 924,0.2
Road 3,Vehicle 1203,0.5
Road 2,Vehicle 697,0.07
Road 2,Vehicle 734,0.59
Road 3,Vehicle 1463,0.28
Road 1,Vehicle 388,0.56
Road 3,Vehicle 1614,0.07
Road 3,Vehicle 1629,0.48
Road 1,Vehicle 289,0.14
Road 2,Vehicle 862,0.06
Road 3,Vehicle 1513,0.32
Road 3,Vehicle 1488,0.31
Road 1,Vehicle 265,0.24
Road 3,Vehicle 1113,0.13
Road 1,Vehicle 129,0.32
Road 1,Vehicle 226,0.16
Road 2,Vehicle 596,0.32
Road 1,Vehicle 483,0.33
Road 2,Vehicle 740,0.4
Road 3,Vehicle 1820,0.08
Road 3,Vehicle 1730,0.29
Road 2,Vehicle 810,0.17
Road 2,Vehicle 1072,0.38
Road 3,Vehicle 1112,0.06
Road 1,Vehicle 58,0.38
Road 1,Vehicle 283,0.47
Road 2,Vehicle 1087,0.55
Road 2,Vehicle 1013,0.28
Road 3,Vehicle 1528,0.56
Road 1,Vehicle 218,0.38
Road 3,Vehicle 1441,0.52
Road 3,Vehicle 1357,0.12
Road 1,Vehicle 136,0.42
Road 2,Vehicle 1055,0.42
Road 1,Vehicle 194,0.14
Road 1,Vehicle 488,0.08
Road 2,Vehicle 591,0.32
Road 2,Vehicle 791,0.55
Road 3,Vehicle 1298,0.34
Road 2,Vehicle 1016,0.49
Road 3,Vehicle 1768,0.33
Road 1,Vehicle 273,0.4
Road 3,Vehicle 1243,0.18
Road 3,Vehicle 1247,0.21
Road 1,Vehicle 413,0.36
Road 3,Vehicle 1251,0.06
Road 1,Vehicle 54,0.22
Road 1,Vehicle 131,0.42
Road 1,Vehicle 459,0.16
Road 2,Vehicle 524,0.19
Road 2,Vehicle 551,0.39
Road 2,Vehicle 577,0.19
Road 3,Vehicle 1177,0.34
Road 1,Vehicle 395,0.53
Road 2,Vehicle 1007,0.51
Road 2,Vehicle 841,0.58
Road 3,Vehicle 1439,0.02
Road 2,Vehicle 897,0.41
Road 3,Vehicle 1527,0.53
Road 1,Vehicle 2,0.11
Road 1,Vehicle 68,0.19
Road 2,Vehicle 956,0.48
Road 3,Vehicle 1718,0.59
Road 1,Vehicle 230,0.49
Road 2,Vehicle 574,0.45
Road 2,Vehicle 732,0.34
Road 3,Vehicle 1313,0.25
Road 2,Vehicle 893,0.13
Road 3,Vehicle 1569,0.46
Road 3,Vehicle 1603,0.57
Road 3,Vehicle 1671,0.3
Road 2,Vehicle 723,0.15
Road 3,Vehicle 1402,0.39
Road 1,Vehicle 288,0.4
Road 3,Vehicle 1181,0.25
Road 3,Vehicle 1485,0.08
Road 3,Vehicle 1498,0.19
Road 1,Vehicle 321,0.52
Road 3,Vehicle 1178,0.08
Road 3,Vehicle 1365,0.48
Road 3,Vehicle 1774,0.49
Road 3,Vehicle 1234,0.21
Road 1,Vehicle 424,0.16
Road 3,Vehicle 1418,0.6
Road 1,Vehicle 475,0.58
Road 2,Vehicle 698,0.51
Road 1,Vehicle 150,0.22
Road 1,Vehicle 407,0.31
Road 2,Vehicle 581,0.26
Road 3,Vehicle 1771,0.4
Road 1,Vehicle 274,0.36
Road 2,Vehicle 958,0.4
Road 2,Vehicle 1011,0.13
Road 2,Vehicle 830,0.18
Road 1,Vehicle 52,0.53
Road 1,Vehicle 439,0.18
Road 2,Vehicle 823,0.02
Road 3,Vehicle 1195,0.44
Road 3,Vehicle 1640,0.41
Road 1,Vehicle 82,0.09
Road 2,Vehicle 725,0.1
Road 2,Vehicle 868,0.04
Road 2,Vehicle 584,0.33
Road 3,Vehicle 1323,0.41
Road 2,Vehicle 781,0.3
Road 1,Vehicle 431,0.19
Road 2,Vehicle 549,0.38
Road 3,Vehicle 1726,0.55
Road 2,Vehicle 780,0.29
Road 3,Vehicle 1815,0.11
Road 2,Vehicle 533,0.01
Road 2,Vehicle 554,0.1
Road 2,Vehicle 872,0.53
Road 1,Vehicle 180,0.39
Road 1,Vehicle 406,0.41
Road 1,Vehicle 79,0.54
Road 1,Vehicle 45,0.42
Road 3,Vehicle 1529,0.01
Road 3,Vehicle 1487,0.41
Road 1,Vehicle 101,0.6
Road 2,Vehicle 1029,0.36
Road 3,Vehicle 1449,0.39
Road 1,Vehicle 454,0.18
Road 2,Vehicle 604,0.25
Road 2,Vehicle 1073,0.26
Road 1,Vehicle 12,0.29
Road 2,Vehicle 610,0.56
Road 2,Vehicle 762,0.19
Road 3,Vehicle 1446,0.4
Road 3,Vehicle 1626,0.34
Road 3,Vehicle 1377,0.33
Road 3,Vehicle 1764,0.06
Road 1,Vehicle 457,0.59
Road 3,Vehicle 1192,0.36
Road 3,Vehicle 1337,0.35
Road 2,Vehicle 658,0.2
Road 3,Vehicle 1746,0.6
Road 3,Vehicle 1408,0.31
Road 3,Vehicle 1780,0.02
Road 3,Vehicle 1175,0.11
Road 3,Vehicle 1518,0.23
Road 2,Vehicle 682,0.25
Road 2,Vehicle 703,0.36
Road 2,Vehicle 976,0.19
Road 1,Vehicle 66,0.12
Road 2,Vehicle 993,0.13
Road 2,Vehicle 652,0.01
Road 2,Vehicle 807,0.51
Road 3,Vehicle 1134,0.59
Road 3,Vehicle 1479,0.6
Road 3,Vehicle 1697,0.52
Road 3,Vehicle 1371,0.55
Road 1,Vehicle 394,0.3
Road 2,Vehicle 983,0.4
Road 3,Vehicle 1426,0.31
Road 2,Vehicle 508,0.17
Road 2,Vehicle 804,0.39
Road 1,Vehicle 383,0.15
Road 3,Vehicle 1539,0.36
Road 1,Vehicle 165,0.33
Road 3,Vehicle 1471,0.07
Road 1,Vehicle 229,0.41
Road 2,Vehicle 1065,0.1
Road 3,Vehicle 1409,0.08
Road 1,Vehicle 169,0.42
Road 2,Vehicle 1075,0.29
Road 3,Vehicle 1146,0.32
Road 3,Vehicle 1361,0.12
Road 3,Vehicle 1618,0.51
Road 1,Vehicle 396,0.48
Road 2,Vehicle 959,0.17
Road 1,Vehicle 271,0.23
Road 1,Vehicle 473,0.25
Road 3,Vehicle 1388,0.13
Road 2,Vehicle 806,0.11
Road 1,Vehicle 130,0.29
Road 3,Vehicle 1620,0.03
Road 3,Vehicle 1638,0.25
Road 1,Vehicle 57,0.54
Road 2,Vehicle 1045,0.29
Road 3,Vehicle 1767,0.59
Road 1,Vehicle 341,0.17
Road 3,Vehicle 1466,0.04
Road 2,Vehicle 642,0.59
Road 2,Vehicle 1046,0.07
Road 1,Vehicle 69,0.43
Road 1,Vehicle 294,0.01
Road 2,Vehicle 1061,0.53
Road 3,Vehicle 1497,0.27
Road 3,Vehicle 1574,0.57
Road 2,Vehicle 567,0.3
Road 2,Vehicle 991,0.34
Road 2,Vehicle 950,0.52
Road 3,Vehicle 1291,0.39
Road 1,Vehicle 18,0.06
Road 2,Vehicle 1052,0.5
Road 3,Vehicle 1570,0.46
Road 3,Vehicle 1596,0.18
Road 1,Vehicle 238,0.52
Road 2,Vehicle 1101,0.41
Road 3,Vehicle 1561,0.1
Road 3,Vehicle 1133,0.58
Road 3,Vehicle 1215,0.36
Road 3,Vehicle 1363,0.57
Road 1,Vehicle 232,0.54
Road 2,Vehicle 767,0.12
Road 3,Vehicle 1437,0.3
Road 1,Vehicle 342,0.49
Road 3,Vehicle 1644,0.35
Road 2,Vehicle 561,0.19
Road 2,Vehicle 1067,0.19
Road 3,Vehicle 1268,0.05
Road 1,Vehicle 152,0.29
Road 1,Vehicle 220,0.23
Road 1,Vehicle 312,0.19
Road 2,Vehicle 921,0.58
Road 3,Vehicle 1231,0.57
Road 3,Vehicle 1330,0.5
Road 2,Vehicle 699,0.58
Road 1,Vehicle 336,0.07
Road 1,Vehicle 105,0.04
Road 2,Vehicle 901,0.4
Road 2,Vehicle 1060,0.49
Road 3,Vehicle 1325,0.48
Road 3,Vehicle 1602,0.26
Road 3,Vehicle 1542,0.39
Road 2,Vehicle 1063,0.14
Road 1,Vehicle 240,0.55
Road 1,Vehicle 446,0.31
Road 2,Vehicle 941,0.15
Road 1,Vehicle 292,0.35
Road 2,Vehicle 936,0.41
Road 3,Vehicle 1389,0.28
Road 2,Vehicle 907,0.39
Road 2,Vehicle 962,0.53
Road 1,Vehicle 142,0.14
Road 1,Vehicle 219,0.09
Road 3,Vehicle 1447,0.32
Road 2,Vehicle 978,0.43
Road 3,Vehicle 1809,0.57
Road 1,Vehicle 471,0.52
Road 3,Vehicle 1417,0.37
Road 1,Vehicle 178,0.1
Road 2,Vehicle 824,0.09
Road 1,Vehicle 98,0.31
Road 1,Vehicle 285,0.16
Road 3,Vehicle 1813,0.59
Road 1,Vehicle 422,0.46
Road 2,Vehicle 919,0.12
Road 3,Vehicle 1137,0.35
Road 1,Vehicle 118,0.24
Road 2,Vehicle 717,0.49
Road 2,Vehicle 926,0.44
Road 1,Vehicle 354,0.02
Road 3,Vehicle 1279,0.22
Road 1,Vehicle 221,0.37
Road 2,Vehicle 510,0.53
Road 2,Vehicle 495,0.53
Road 3,Vehicle 1560,0.08
Road 3,Vehicle 1501,0.34
Road 3,Vehicle 1583,0.09
Road 2,Vehicle 588,0.5
Road 3,Vehicle 1728,0.56
Road 2,Vehicle 814,0.22
Road 3,Vehicle 1448,0.06
Road 3,Vehicle 1512,0.1
Road 1,Vehicle 55,0.28
Road 2,Vehicle 612,0.57
Road 2,Vehicle 494,0.23
Road 3,Vehicle 1368,0.03
Road 3,Vehicle 1459,0.37
Road 3,Vehicle 1196,0.56
Road 2,Vehicle 785,0.32
Road 3,Vehicle 1224,0.31
Road 3,Vehicle 1788,0.6
Road 1,Vehicle 157,0.37
Road 3,Vehicle 1661,0.24
Road 2,Vehicle 634,0.52
Road 3,Vehicle 1533,0.19
Road 2,Vehicle 753,0.15
Road 3,Vehicle 1170,0.28
Road 3,Vehicle 1609,0.42
Road 1,Vehicle 48,0.23
Road 1,Vehicle 174,0.26
Road 1,Vehicle 410,0.18
Road 3,Vehicle 1477,0.49
Road 3,Vehicle 1599,0.02
Road 3,Vehicle 1649,0.01
Road 1,Vehicle 408,0.17
Road 2,Vehicle 578,0.55
Road 3,Vehicle 1612,0.59
Road 3,Vehicle 1301,0.6
Road 3,Vehicle 1336,0.07
Road 3,Vehicle 1401,0.42
Road 1,Vehicle 77,0.55
Road 2,Vehicle 515,0.57
Road 2,Vehicle 592,0.41
Road 2,Vehicle 733,0.27
Road 3,Vehicle 1370,0.39
Road 3,Vehicle 1650,0.55
Road 2,Vehicle 811,0.21
Road 2,Vehicle 887,0.55
Road 3,Vehicle 1244,0.29
Road 3,Vehicle 1526,0.4
Road 2,Vehicle 942,0.1
Road 3,Vehicle 1288,0.39
Road 3,Vehicle 1316,0.6
Road 2,Vehicle 899,0.11
Road 2,Vehicle 654,0.26
Road 3,Vehicle 1642,0.56
Road 1,Vehicle 231,0.25
Road 2,Vehicle 808,0.25
Road 2,Vehicle 844,0.6
Road 2,Vehicle 1093,0.18
Road 3,Vehicle 1187,0.18
Road 3,Vehicle 1680,0.11
Road 1,Vehicle 480,0.01
Road 3,Vehicle 1164,0.08
Road 1,Vehicle 33,0.28
Road 3,Vehicle 1572,0.54
Road 3,Vehicle 1307,0.24
Road 2,Vehicle 527,0.26
Road 2,Vehicle 715,0.01
Road 2,Vehicle 525,0.6
Road 1,Vehicle 349,0.08
Road 3,Vehicle 1248,0.27
Road 3,Vehicle 1623,0.53
Road 3,Vehicle 1219,0.02
Road 3,Vehicle 1470,0.37
Road 3,Vehicle 1608,0.2
Road 3,Vehicle 1757,0.09
Road 3,Vehicle 1496,0.35
Road 3,Vehicle 1534,0.3
Road 3,Vehicle 1579,0.35
Road 2,Vehicle 1057,0.23
Road 2,Vehicle 766,0.08
Road 2,Vehicle 797,0.13
Road 3,Vehicle 1584,0.23
Road 3,Vehicle 1414,0.12
Road 3,Vehicle 1591,0.08
Road 3,Vehicle 1265,0.09
Road 3,Vehicle 1387,0.44
Road 1,Vehicle 491,0.11
Road 2,Vehicle 614,0.54
Road 3,Vehicle 1600,0.28
Road 3,Vehicle 1604,0.22
Road 3,Vehicle 1689,0.06
Road 2,Vehicle 1084,0.44
Road 2,Vehicle 632,0.13
Road 2,Vehicle 1088,0.26
Road 3,Vehicle 1360,0.59
Road 3,Vehicle 1166,0.35
Road 2,Vehicle 636,0.02
Road 2,Vehicle 842,0.19
Road 2,Vehicle 1096,0.07
Road 3,Vehicle 1228,0.06
Road 3,Vehicle 1775,0.56
Road 2,Vehicle 1051,0.01
Road 2,Vehicle 511,0.51
Road 2,Vehicle 796,0.33
Road 2,Vehicle 998,0.22
Road 3,Vehicle 1302,0.56
Road 3,Vehicle 1756,0.47
Road 1,Vehicle 155,0.44
Road 2,Vehicle 999,0.1
Road 2,Vehicle 1094,0.5
Road 3,Vehicle 1296,0.41
Road 3,Vehicle 1814,0.45
Road 1,Vehicle 237,0.42
Road 1,Vehicle 444,0.3
Road 2,Vehicle 1034,0.48
Road 2,Vehicle 831,0.36
Road 1,Vehicle 310,0.34
Road 2,Vehicle 865,0.19
Road 3,Vehicle 1467,0.44
Road 2,Vehicle 704,0.53
Road 1,Vehicle 465,0.54
Road 3,Vehicle 1397,0.55
Road 2,Vehicle 663,0.16
Road 2,Vehicle 706,0.34
Road 3,Vehicle 1571,0.08
Road 1,Vehicle 279,0.37
Road 3,Vehicle 1140,0.36
Road 1,Vehicle 8,0.14
Road 2,Vehicle 825,0.28
Road 2,Vehicle 889,0.31
Road 1,Vehicle 370,0.31
Road 3,Vehicle 1329,0.57
Road 2,Vehicle 880,0.05
Road 3,Vehicle 1535,0.17
Road 2,Vehicle 990,0.42
Road 2,Vehicle 982,0.47
Road 2,Vehicle 1076,0.35
Road 3,Vehicle 1696,0.37
Road 1,Vehicle 280,0.55
Road 1,Vehicle 307,0.09
Road 3,Vehicle 1256,0.13
Road 3,Vehicle 1427,0.5
Road 2,Vehicle 626,0.55
Road 3,Vehicle 1489,0.48
Road 2,Vehicle 774,0.07
Road 1,Vehicle 125,0.13
Road 1,Vehicle 184,0.32
Road 3,Vehicle 1226,0.25
Road 2,Vehicle 681,0.13
Road 1,Vehicle 189,0.58
Road 3,Vehicle 1376,0.16
Road 3,Vehicle 1484,0.03
Road 3,Vehicle 1586,0.38
Road 1,Vehicle 11,0.23
Road 1,Vehicle 163,0.42
Road 2,Vehicle 1036,0.13
Road 2,Vehicle 539,0.49
Road 3,Vehicle 1753,0.09
Road 2,Vehicle 1028,0.05
Road 3,Vehicle 1257,0.43
Road 3,Vehicle 1705,0.45
Road 1,Vehicle 297,0.43
Road 2,Vehicle 553,0.49
Road 2,Vehicle 571,0.17
Road 3,Vehicle 1475,0.47
Road 1,Vehicle 83,0.26
Road 3,Vehicle 1139,0.34
Road 1,Vehicle 192,0.31
Road 1,Vehicle 107,0.44
Road 2,Vehicle 1054,0.18
Road 2,Vehicle 548,0.58
Road 1,Vehicle 179,0.21
Road 2,Vehicle 850,0.36
Road 2,Vehicle 933,0.12
Road 3,Vehicle 1415,0.17
Road 3,Vehicle 1755,0.02
Road 3,Vehicle 1590,0.49
Road 3,Vehicle 1633,0.58
Road 1,Vehicle 175,0.56
Road 2,Vehicle 516,0.13
Road 2,Vehicle 817,0.02
Road 3,Vehicle 1790,0.24
Road 1,Vehicle 387,0.22
Road 2,Vehicle 854,0.37
Road 1,Vehicle 378,0.42
Road 2,Vehicle 712,0.48
Road 3,Vehicle 1179,0.32
Road 3,Vehicle 1480,0.26
Road 3,Vehicle 1656,0.6
Road 2,Vehicle 863,0.16
Road 1,Vehicle 23,0.37
Road 1,Vehicle 202,0.11
Road 3,Vehicle 1747,0.29
Road 1,Vehicle 412,0.02
Road 2,Vehicle 505,0.35
Road 3,Vehicle 1735,0.3
Road 1,Vehicle 284,0.06
Road 2,Vehicle 748,0.26
Road 1,Vehicle 236,0.24
Road 1,Vehicle 428,0.45
Road 1,Vehicle 256,0.28
Road 2,Vehicle 660,0.36
Road 1,Vehicle 266,0.27
Road 3,Vehicle 1711,0.3
Road 2,Vehicle 925,0.44
Road 2,Vehicle 977,0.15
Road 3,Vehicle 1105,0.53
Road 3,Vehicle 1490,0.36
Road 3,Vehicle 1806,0.53
Road 1,Vehicle 144,0.55
Road 2,Vehicle 775,0.17
Road 1,Vehicle 93,0.4
Road 3,Vehicle 1566,0.51
Road 1,Vehicle 262,0.26
Road 1,Vehicle 493,0.4
Road 2,Vehicle 629,0.53
Road 2,Vehicle 911,0.39
Road 2,Vehicle 1030,0.1
Road 3,Vehicle 1125,0.46
Road 3,Vehicle 1232,0.26
Road 1,Vehicle 255,0.41
Road 2,Vehicle 1097,0.01
Road 3,Vehicle 1457,0.45
Road 2,Vehicle 973,0.27
Road 2,Vehicle 616,0.46
Road 1,Vehicle 337,0.02
Road 3,Vehicle 1729,0.06
Road 1,Vehicle 245,0.14
Road 3,Vehicle 1246,0.49
Road 1,Vehicle 186,0.39
Road 1,Vehicle 315,0.19
Road 2,Vehicle 1090,0.07
Road 2,Vehicle 613,0.25
Road 2,Vehicle 846,0.1
Road 3,Vehicle 1557,0.56
Road 3,Vehicle 1628,0.17
Road 2,Vehicle 589,0.33
Road 1,Vehicle 154,0.06
Road 3,Vehicle 1505,0.06
Road 1,Vehicle 242,0.49
Road 2,Vehicle 690,0.02
Road 2,Vehicle 900,0.05
Road 1,Vehicle 138,0.47
Road 1,Vehicle 391,0.29
Road 2,Vehicle 662,0.27
Road 2,Vehicle 954,0.06
Road 3,Vehicle 1395,0.19
Road 3,Vehicle 1690,0.48
Road 2,Vehicle 1022,0.27
Road 3,Vehicle 1748,0.33
Road 3,Vehicle 1643,0.41
Road 2,Vehicle 833,0.23
Road 2,Vehicle 523,0.08
Road 1,Vehicle 259,0.02
Road 3,Vehicle 1443,0.53
Road 3,Vehicle 1667,0.28
Road 2,Vehicle 673,0.18
Road 3,Vehicle 1114,0.49
Road 2,Vehicle 696,0.12
Road 3,Vehicle 1269,0.02
Road 3,Vehicle 1306,0.43
Road 1,Vehicle 375,0.03
Road 2,Vehicle 1042,0.53
Road 2,Vehicle 945,0.3
Road 1,Vehicle 268,0.19
Road 3,Vehicle 1216,0.22
Road 3,Vehicle 1444,0.48
Road 3,Vehicle 1138,0.1
Road 3,Vehicle 1776,0.55
Road 2,Vehicle 633,0.58
Road 2,Vehicle 536,0.16
Road 2,Vehicle 569,0.29
Road 1,Vehicle 139,0.11
Road 1,Vehicle 158,0.46
Road 1,Vehicle 146,0.56
Road 2,Vehicle 573,0.39
Road 2,Vehicle 746,0.54
Road 2,Vehicle 914,0.14
Road 3,Vehicle 1544,0.45
Road 1,Vehicle 177,0.06
Road 3,Vehicle 1386,0.48
Road 2,Vehicle 794,0.09
Road 3,Vehicle 1122,0.07
Road 2,Vehicle 665,0.56
Road 1,Vehicle 39,0.44
Road 2,Vehicle 875,0.46
Road 2,Vehicle 735,0.4
Road 2,Vehicle 798,0.36
Road 2,Vehicle 829,0.32
Road 2,Vehicle 908,0.23
Road 2,Vehicle 939,0.24
Road 2,Vehicle 545,0.09
Road 2,Vehicle 759,0.54
Road 1,Vehicle 140,0.25
Road 1,Vehicle 397,0.09
Road 3,Vehicle 1392,0.16
Road 1,Vehicle 170,0.17
Road 3,Vehicle 1373,0.49
Road 3,Vehicle 1403,0.12
Road 3,Vehicle 1613,0.27
Road 3,Vehicle 1374,0.01
Road 3,Vehicle 1719,0.43
Road 1,Vehicle 111,0.11
Road 3,Vehicle 1293,0.06
Road 2,Vehicle 586,0.27
Road 2,Vehicle 593,0.25
Road 3,Vehicle 1183,0.11
Road 3,Vehicle 1185,0.01
Road 3,Vehicle 1562,0.21
Road 1,Vehicle 28,0.16
Road 1,Vehicle 372,0.22
Road 2,Vehicle 645,0.15
Road 3,Vehicle 1682,0.29
Road 3,Vehicle 1272,0.51
Road 3,Vehicle 1651,0.6
Road 1,Vehicle 95,0.48
Road 2,Vehicle 726,0.13
Road 2,Vehicle 1066,0.42
Road 1,Vehicle 110,0.09
Road 3,Vehicle 1161,0.23
Road 3,Vehicle 1587,0.07
Road 3,Vehicle 1188,0.45
Road 3,Vehicle 1725,0.5
Road 2,Vehicle 611,0.36
Road 2,Vehicle 826,0.11
Road 3,Vehicle 1233,0.57
Road 1,Vehicle 401,0.59
Road 2,Vehicle 885,0.09
Road 2,Vehicle 1037,0.09
Road 3,Vehicle 1154,0.56
Road 1,Vehicle 419,0.34
Road 2,Vehicle 580,0.41
Road 3,Vehicle 1383,0.4
Road 1,Vehicle 42,0.53
Road 2,Vehicle 795,0.5
Road 2,Vehicle 905,0.25
Road 3,Vehicle 1141,0.6
Road 2,Vehicle 764,0.34
Road 1,Vehicle 166,0.58
Road 2,Vehicle 576,0.6
Road 3,Vehicle 1710,0.52
Road 3,Vehicle 1230,0.34
Road 2,Vehicle 783,0.05
Road 2,Vehicle 1032,0.43
Road 3,Vehicle 1563,0.2
Road 3,Vehicle 1782,0.35
Road 3,Vehicle 1807,0.36
Road 3,Vehicle 1685,0.57
Road 1,Vehicle 308,0.08
Road 2,Vehicle 499,0.26
Road 2,Vehicle 504,0.49
Road 2,Vehicle 637,0.07
Road 2,Vehicle 849,0.23
Road 2,Vehicle 934,0.04
Road 2,Vehicle 519,0.02
Road 3,Vehicle 1378,0.31
Road 3,Vehicle 1423,0.36
Road 2,Vehicle 540,0.09
Road 2,Vehicle 970,0.33
Road 3,Vehicle 1438,0.37
Road 1,Vehicle 72,0.12
Road 1,Vehicle 445,0.45
Road 3,Vehicle 1276,0.27
Road 2,Vehicle 853,0.45
Road 2,Vehicle 986,0.42
Road 1,Vehicle 34,0.42
Road 1,Vehicle 164,0.5
Road 3,Vehicle 1372,0.54
Road 1,Vehicle 346,0.31
Road 3,Vehicle 1522,0.51
Road 3,Vehicle 1285,0.21
Road 1,Vehicle 60,0.03
Road 3,Vehicle 1160,0.09
Road 2,Vehicle 728,0.29
Road 1,Vehicle 16,0.39
Road 2,Vehicle 657,0.07
Road 3,Vehicle 1155,0.48
Road 3,Vehicle 1519,0.05
Road 2,Vehicle 555,0.2
Road 3,Vehicle 1486,0.13
Road 3,Vehicle 1567,0.31
Road 1,Vehicle 250,0.01
Road 1,Vehicle 272,0.37
Road 2,Vehicle 513,0.05
Road 1,Vehicle 249,0.05
Road 1,Vehicle 364,0.22
Road 1,Vehicle 479,0.14
Road 3,Vehicle 1162,0.34
Road 3,Vehicle 1321,0.25
Road 1,Vehicle 456,0.29
Road 2,Vehicle 815,0.25
Road 1,Vehicle 432,0.24
Road 3,Vehicle 1507,0.16
Road 1,Vehicle 14,0.8
Road 2,Vehicle 903,0.54
Road 3,Vehicle 1355,0.06
Road 3,Vehicle 1391,0.53
Road 3,Vehicle 1262,0.27
Road 3,Vehicle 1617,0.14
Road 1,Vehicle 5,0.17
Road 3,Vehicle 1222,0.25
Road 1,Vehicle 359,0.13
Road 2,Vehicle 609,0.42
Road 2,Vehicle 638,0.1
Road 2,Vehicle 776,0.49
Road 3,Vehicle 1732,0.56
Road 3,Vehicle 1810,0.16
Road 1,Vehicle 455,0.08
Road 3,Vehicle 1436,0.55
Road 3,Vehicle 1404,0.41
Road 3,Vehicle 1461,0.33
Road 2,Vehicle 1056,0.31
Road 1,Vehicle 30,0.19
Road 2,Vehicle 656,0.56
Road 1,Vehicle 40,0.34
Road 1,Vehicle 248,0.13
Road 3,Vehicle 1492,0.16
Road 2,Vehicle 802,0.37
Road 1,Vehicle 212,0.27
Road 1,Vehicle 369,0.14
Road 1,Vehicle 485,0.49
Road 1,Vehicle 329,0.21
Road 2,Vehicle 648,0.24
Road 2,Vehicle 771,0.46
Road 3,Vehicle 1340,0.31
Road 2,Vehicle 537,0.34
Road 1,Vehicle 124,0.01
Road 2,Vehicle 758,0.59
Road 3,Vehicle 1421,0.15
Road 3,Vehicle 1759,0.13
Road 2,Vehicle 603,0.57
Road 2,Vehicle 877,0.47
Road 3,Vehicle 1120,0.49
Road 1,Vehicle 299,0.53
Road 3,Vehicle 1779,0.53
Road 3,Vehicle 1523,0.6
Road 3,Vehicle 1724,0.6
Road 2,Vehicle 669,0.51
Road 2,Vehicle 683,0.12
Road 2,Vehicle 967,0.57
Road 1,Vehicle 222,0.31
Road 2,Vehicle 560,0.59
Road 2,Vehicle 1018,0.43
Road 1,Vehicle 88,0.1
Road 1,Vehicle 134,0.02
Road 1,Vehicle 182,0.29
Road 2,Vehicle 1099,0.12
Road 2,Vehicle 602,0.38
Road 2,Vehicle 749,0.41
Road 2,Vehicle 989,0.13
Road 3,Vehicle 1601,0.9
Road 1,Vehicle 6,0.42
Road 3,Vehicle 1795,0.22
Road 1,Vehicle 123,0.28
Road 1,Vehicle 241,0.39
Road 1,Vehicle 323,0.42
Road 2,Vehicle 894,0.19
Road 2,Vehicle 957,0.24
Road 3,Vehicle 1801,0.54
Road 3,Vehicle 1299,0.18
Road 3,Vehicle 1722,0.4
Road 1,Vehicle 371,0.4
Road 2,Vehicle 1068,0.24
Road 3,Vehicle 1334,0.2
Road 3,Vehicle 1393,0.06
Road 1,Vehicle 31,0.52
Road 2,Vehicle 848,0.09
Road 1,Vehicle 37,0.33
Road 3,Vehicle 1804,0.58
Road 2,Vehicle 624,0.49
Road 3,Vehicle 1253,0.01
Road 3,Vehicle 1717,0.55
Road 1,Vehicle 239,0.42
Road 3,Vehicle 1354,0.51
Road 2,Vehicle 606,0.47
Road 3,Vehicle 1263,0.38
Road 2,Vehicle 640,0.14
Road 1,Vehicle 181,0.35
Road 1,Vehicle 474,0.26
Road 2,Vehicle 819,0.54
Road 3,Vehicle 1205,0.03
Road 2,Vehicle 938,0.4
Road 3,Vehicle 1676,0.14
Road 1,Vehicle 209,0.11
Road 2,Vehicle 918,0.6
Road 1,Vehicle 137,0.55
Road 2,Vehicle 619,0.44
Road 3,Vehicle 1180,0.38
Road 1,Vehicle 214,0.57
Road 3,Vehicle 1213,0.18
Road 1,Vehicle 35,0.31
Road 3,Vehicle 1639,0.2
Road 2,Vehicle 500,0.22
Road 2,Vehicle 680,0.55
Road 3,Vehicle 1118,0.44
Road 3,Vehicle 1275,0.24
Road 3,Vehicle 1379,0.31
Road 3,Vehicle 1115,0.05
Road 3,Vehicle 1332,0.21
Road 1,Vehicle 348,0.14
Road 3,Vehicle 1168,0.39
Road 2,Vehicle 512,0.48
Road 1,Vehicle 350,0.39
Road 3,Vehicle 1283,0.07
Road 1,Vehicle 393,0.14
Road 2,Vehicle 843,0.41
Road 3,Vehicle 1152,0.49
Road 3,Vehicle 1428,0.23
Road 2,Vehicle 859,0.6
Road 2,Vehicle 874,0.18
Road 2,Vehicle 904,0.38
Road 2,Vehicle 1092,0.07
Road 3,Vehicle 1212,0.18
Road 3,Vehicle 1632,0.39
Road 1,Vehicle 362,0.21
Road 3,Vehicle 1499,0.42
Road 3,Vehicle 1652,0.19
Road 3,Vehicle 1173,0.07
Road 2,Vehicle 878,0.18
Road 3,Vehicle 1239,0.48
Road 3,Vehicle 1607,0.02
Road 3,Vehicle 1663,0.03
Road 1,Vehicle 148,0.58
Road 3,Vehicle 1225,0.53
Road 3,Vehicle 1287,0.58
Road 3,Vehicle 1687,0.53
Road 3,Vehicle 1799,0.42
Road 1,Vehicle 435,0.34
Road 2,Vehicle 566,0.56
Road 2,Vehicle 922,0.53
Road 1,Vehicle 187,0.18
Road 1,Vehicle 293,0.57
Road 3,Vehicle 1385,0.44
Road 2,Vehicle 635,0.34
Road 3,Vehicle 1647,0.07
Road 2,Vehicle 1008,0.14
Road 3,Vehicle 1817,0.2
Road 1,Vehicle 161,0.02
Road 1,Vehicle 476,0.1
Road 2,Vehicle 750,0.28
Road 2,Vehicle 995,0.57
Road 2,Vehicle 509,0.34
Road 2,Vehicle 707,0.4
Road 1,Vehicle 106,0.16
Road 2,Vehicle 931,0.53
Road 2,Vehicle 1058,0.23
Road 3,Vehicle 1630,0.26
Road 2,Vehicle 695,0.15
Road 2,Vehicle 745,0.3
Road 3,Vehicle 1274,0.2
Road 3,Vehicle 1762,0.28
Road 2,Vehicle 1024,0.02
Road 3,Vehicle 1182,0.13
Road 2,Vehicle 882,0.04
Road 2,Vehicle 529,0.55
Road 2,Vehicle 937,0.09
Road 2,Vehicle 1098,0.02
Road 2,Vehicle 866,0.37
Road 2,Vehicle 871,0.26
Road 3,Vehicle 1622,0.51
Road 2,Vehicle 782,0.56
Road 2,Vehicle 1027,0.57
Road 3,Vehicle 1242,0.35
Road 1,Vehicle 156,0.38
Road 2,Vehicle 497,0.04
Road 2,Vehicle 544,0.18
Road 3,Vehicle 1311,0.03
Road 3,Vehicle 1752,0.01
Road 3,Vehicle 1580,0.57
Road 3,Vehicle 1635,0.46
Road 1,Vehicle 141,0.58
Road 2,Vehicle 685,0.18
Road 1,Vehicle 128,0.14
Road 1,Vehicle 65,0.36
Road 3,Vehicle 1169,0.01
Road 3,Vehicle 1510,0.49
Road 2,Vehicle 837,0.18
Road 3,Vehicle 1660,0.52
Road 1,Vehicle 376,0.03
Road 3,Vehicle 1172,0.29
Road 3,Vehicle 1646,0.46
Road 1,Vehicle 191,0.33
Road 1,Vehicle 47,0.26
Road 2,Vehicle 838,0.41
Road 1,Vehicle 490,0.56
Road 3,Vehicle 1716,0.15
Road 2,Vehicle 501,0.08
Road 2,Vehicle 1064,0.28
Road 3,Vehicle 1721,0.12
Road 3,Vehicle 1772,0.19
Road 3,Vehicle 1236,0.39
Road 1,Vehicle 4,0.03
Road 3,Vehicle 1429,0.29
Road 1,Vehicle 290,0.57
Road 3,Vehicle 1425,0.25
Road 3,Vehicle 1127,0.08
Road 1,Vehicle 7,0.44
Road 2,Vehicle 552,0.23
Road 3,Vehicle 1193,0.15
Road 2,Vehicle 754,0.7
Road 2,Vehicle 530,0.4
Road 3,Vehicle 1597,0.17
Road 3,Vehicle 1811,0.49
Road 3,Vehicle 1532,0.54
Road 3,Vehicle 1509,0.07
